{"schema":6,"addons":[{"id":"gdpr@cavi.au.dk","icons":{"32":"https://addons.mozilla.org/user-media/addon_icons/2613/2613823-32.png?modified=e109b2db","64":"https://addons.mozilla.org/user-media/addon_icons/2613/2613823-64.png?modified=e109b2db","128":"https://addons.mozilla.org/user-media/addon_icons/2613/2613823-128.png?modified=e109b2db"},"name":"Consent-O-Matic","version":"1.0.10","sourceURI":"https://addons.mozilla.org/firefox/downloads/file/4003406/consent_o_matic-1.0.10.xpi","homepageURL":"https://consentomatic.au.dk/","supportURL":"https://github.com/cavi-au/Consent-O-Matic","description":"Automatic handling of GDPR consent forms","fullDescription":"Cookie pop-ups are designed to be confusing and make you 'agree' to be tracked. This add-on automatically answers consent pop-ups for you, so you can't be manipulated. Set your preferences once, and let the technology do the rest!\n\nThis add-on is built and maintained by workers at Aarhus University in Denmark. We are privacy researchers that got tired of seeing how companies violate the EU's General Data Protection Regulation (GDPR). Because the organisations that enforce the GDPR do not have enough resources, we built this add-on to help them out.\n\nWe looked at 680 pop-ups and combined their data processing purposes into 5 categories that you can toggle on or off. Sometimes our categories don't perfectly match those on the website, so then we will choose the more privacy preserving option.","weeklyDownloads":622,"type":"extension","creator":{"name":"dkGof","url":"https://addons.mozilla.org/en-US/firefox/user/5234545/"},"developers":[],"screenshots":[{"url":"https://addons.mozilla.org/user-media/previews/full/229/229110.png?modified=1622135061","width":1280,"height":800,"thumbnailURL":"https://addons.mozilla.org/user-media/previews/thumbs/229/229110.jpg?modified=1622135061","thumbnailWidth":533,"thumbnailHeight":333}],"contributionURL":"","averageRating":4.3455,"reviewCount":59,"reviewURL":"https://addons.mozilla.org/en-US/firefox/addon/consent-o-matic/reviews/","updateDate":1663353915000}]}